ac->access_control
acadd1->access_control_fix1
acadd2->access_control_fix2
airconditioner_vertical->airconditioner_vertical
admission_letter_2021->admission_letter_2021
airconin->airconin
ao1->air_conditioner_frame1
ao2->air_conditioner_frame2
atable->atable
atlas->atlas
awall2->cement_wall_light_white
awall3->cement_wall_white
baiqiangcaizhi->wall_white
baiqiangdaiqiangqun->wall_white_dado
baicizhuan->wall_white
baicizhuan2->wall_white
daoluhuaxian-bai1 -> road_marking_white
bath->bathroom_single
beacon->beacon
bframe1->yunf_framed_balcony_door_up
bframe2->yunf_framed_balcony_door
blue->blue
blue_brick->blue_brick
bone_block_side->bone_block_side
bone_block_top->bone_block_top
box->cartons
box1->cartons_group
cabinet_workshop->cabinet_workshop1
cabinet_workshop2->cabinet_workshop2
cabinet_workshop3->cabinet_workshop3
bpup->balcony_partition_up
buxingquyu1->buxingquyu1
cake_side->cake_side
cauldron_bottom->cauldron_bottom
cauldron_inner->cauldron_inner
cauldron_side->cauldron_side
cauldron_top->cauldron_top
cc3->park_bench
cem->cement
cement_lightblue->cement_light_blue
chair->chair
chair_auditorium_blue->chair_auditorium_blue
chair_auditorium_half_blue->chair_auditorium_half_blue
chair_auditorium_half_red->chair_auditorium_half_red
chair_auditorium_red->chair_auditorium_red
chair_lightblue->chair_lightblue
chengsecanzhuo->dining_table_orange
chest_door_tall->chest_door_tall
coal_block->coal_block
cocoa_stage_1->cocoa_stage_1
comparator_off->comparator_off
con_blue->concrete_simple_blue
concrete_black->concrete_black
concrete_blue->concrete_blue
concrete_brown->concrete_brown
concrete_gray->concrete_gray
concrete_green->concrete_green
concrete_light_blue->concrete_light_blue
concrete_orange->concrete_orange
concrete_pink->concrete_pink
concrete_powder_black->concrete_powder_black
concrete_powder_blue->concrete_powder_blue
concrete_powder_brown->concrete_powder_brown
concrete_powder_cyan->concrete_powder_cyan
concrete_powder_gray->concrete_powder_gray
concrete_powder_green->concrete_powder_green
concrete_powder_light_blue->concrete_powder_light_blue
concrete_powder_lime->concrete_powder_lime
concrete_powder_magenta->concrete_powder_magenta
concrete_powder_orange->concrete_powder_orange
concrete_powder_pink->concrete_powder_pink
concrete_powder_purple->concrete_powder_purple
concrete_powder_red->concrete_powder_red
concrete_powder_silver->concrete_powder_silver
concrete_powder_white->concrete_powder_white
concrete_powder_yellow->concrete_powder_yellow
concrete_powder_yellow1->concrete_powder_yellow1
concrete_purple->concrete_purple
concrete_red->concrete_red
concrete_silver->concrete_silver
concrete_silver1->concrete_silver1
concrete_simple_blue->concrete_simple_blue
concrete_white->concrete_white
concrete_yellow->concrete_yellow
dalishidizhuan-qian2->marble_tiles_light
dalishidizhuan5->marble_tiles
dalishidizhuanhei2->marble_tiles_black
dalishidizhuanhei22->marble_tiles_black
daoluhuaxian-bai1->line_road_white
daoluhuaxian-huang->line_road_yellow
dalupai111->dalupai111
dalupai2222->dalupai2222
desk_foldable->desk_foldable
desk_wood->desk_wood
diamond_block->diamond_block
diantimen->door_elevator_warning
diantimen2->door_elevator_led
donotsmoke->donotsmoke
dirt1->dirt1
door_acacia_lower->door_acacia_lower
door_acacia_upper->door_acacia_upper
door_birch_lower->door_birch_lower
door_birch_upper->door_birch_upper
door_dark_oak_lower->door_dark_oak_lower
door_dark_oak_upper->door_dark_oak_upper
door_iron_lower->door_iron_lower
door_iron_upper->door_iron_upper
door_jungle_lower->door_jungle_lower
door_jungle_upper->door_jungle_upper
door_spruce_lower->door_spruce_lower
door_spruce_upper->door_spruce_upper
door_wood_lower->door_wood_lower
door_wood_upper->door_wood_upper
double->air_conditioner_frame
drink4 -> quadruple_drink_box_red
drink5 -> beverage_cabinet_red
drink6 -> beverage_cabinet_yellow
drink1->frame_drink_red_single
drink2->frame_drink_blue_single
drink3->frame_drink_red_double
dropper_front_vertical->dropper_front_vertical
emerald_block->emerald_block
enchanting_table_bottom->enchanting_table_bottom
fence_cyan->fence_cyan
fence_warningline->fence_warningline
fence_warningline_column->fence_warningline_column
fence_warningline_column_double180->fence_warningline_column_double180
fence_warningline_column_double90->fence_warningline_column_double90
fence_warningline_column_single->fence_warningline_column_single
fence_warningline_column_triple->fence_warningline_column_triple
floor2->floor2
floor3->floor3
floor4->floor4
floor5->floor5
floor6->floor6
g1->marble_tiles
g10->slate_floor_tiles1
g11->slate_floor_tiles2
g12->slate_floor_tiles3
g13->small_slate_floor_tiles
g15->blue_marble_brick
g20->marble_pillar
g21a->cement_road_a
g21b->cement_road_a
g21c->cement_road_a
g3->marble_pillar
g30->white_grid_brick
g31->blue_grid_brick
g32->paper3
g341->wall_gray_cyan
g342->cement_wall_white
g37->stone_brick_wall
g4->wall_white_stone
g400->cement_road_a
g401->slate_floor_tiles2
g402->marble_tiles
g5->red_brick_wall
g6->pedestrian_road_pattern_brick_white
g7->pedestrian_road_pattern_brick_red
g8->slate_floor_tiles_staggered1
g9->slate_floor_tiles_staggered2
gbr1->paper1
girltr1->girl_toilet1
girltr2->girl_toilet2
girltr3->girl_toilet3
girltr4->girl_toilet4
gs1->girlshelf1
gs2->girlshelf2
gs3->girlshelf3
gcyy1->motto1
gcyy10->motto10
gcyy11->motto11
gcyy12->motto12
gcyy13->motto13
gcyy14->motto14
gcyy15->motto15
gcyy2->motto2
gcyy3->motto3
gcyy4->motto4
gcyy5->motto5
gcyy6->motto6
gcyy7->motto7
gcyy8->motto8
gcyy9->motto9
glass->glass
glass_black->glass_black
glass_frame->cement_white
glass_silver->glass_silver
glass_wall_half->glass_wall_half
glass_wall_quarter->glass_wall_quarter
glass_white->glass_white
glazed_terracotta_yellow->glazed_terracotta_yellow
gold_block->gold_block
gongyuanchangyi->chair_long_park_45
gongzuotashi->work_steadfastly
grass_path_top->grass_path_top
gray_brick->gray_brick
gun_body->gun_body
hardened_clay_stained_black->hardened_clay_stained_black
hardened_clay_stained_brown->hardened_clay_stained_brown
hardened_clay_stained_cyan->hardened_clay_stained_cyan
hardened_clay_stained_orange->hardened_clay_stained_orange
hardened_clay_stained_red->hardened_clay_stained_red
hardened_clay_stained_yellow->hardened_clay_stained_yellow
huangsediban->yellow_floor
ice->ice
iron_bars->iron_bars
iron_block->iron_block
iron_block1->iron_block1
iron_trapdoor->iron_trapdoor
jiangtaixiaohui->school_badge
jiansudai2->speed_bump_2
jinggai1-3->well_cover_1
jinggai2->well_cover_2
jingshucaizhi->iron_texture1
jingshucaizhi2->iron_texture2
jinshucaizhi2->jinshucaizhi2
keyboard->keyboard
kuaizi->board_chopsticks
levono->lenovo
log_oak->log_oak
man->man
man22->man22
medical_mask->medical_mask
mp->mop_pool
mutiezhi-heng5->paper6
mutiezhi-heng7->paper8
mutiezhi-shu5->wood_texture1
mutiezhi-shu6->paper6_v
mutiezhi-shu7->wood_texture2
mutiezhi2->wood_texture6
mutiezhi2shu->wood_texture6_vertical
mutiezhi5->wood_texture4
mutiezhi5shen->wood_texture4_dark
mutiezhiheng5->paper6
mutiezhishu->wood_texture3
mutiezhishu5->paper6_v
mutiezhishu6->paper6_v
mutiezhishu7->paper8_v
mutiezhi8heng->wood_texture5
nn1->small_stone_pavilion1
nn2->small_stone_pavilion2
notebook_hero->notebook_hero
notebook_leifeng->notebook_leifeng
obsidianblock->obsidian_block
obsidianframe->obsidian_frame
ordinance_billboard_1->ordinance_billboard_1
ordinance_billboard_2->ordinance_billboard_2
outsign->sign_outdoor_caring_lawn
party_membership_application->party_membership_application
pencil->pencil
penzai1->potted_plant1
penzai2->potted_plant2
penzai3->potted_plant3
photo_frame_sworn->photo_frame_sworn
pingmu2->screen2
planks_birch1->planks_birch1
planks_oak1->planks_oak1
playground_badminton_net_side->playground_badminton_net_side
playground_fence_down>playground_fence_down
playground_grass_dry->playground_grass_dry
playground_green->playground_green
playground_light->playground_light
playground_plastic_green->playground_plastic_green
playground_red->playground_red
playground_volleyball_net_side->playground_volleyball_net_side
pool_cabinet->workshop_cabinet_sink1
pool_cabinet2->workshop_cabinet_sink2
printer->printer
qingsedalishizhuan1->marble_brick_cyan
qianmise->light_beige
qingsediban2->blue_floor
quartz_block_bottom->quartz_block_bottom
quartz_block_lines->quartz_block_lines
quartz_block_side->quartz_block_side
radiator->radiator
railing_half->railing_half
railing_half_corner->railing_half_corner
railing_half_double->railing_half_double
roadblock_double->roadblock_double
s41->stair_outdoor_concrete_powder
s51->stair_outdoor_grille
s61->stair_outdoor_marbled
safety_exit_sign->safety_exit_sign
sb2->marble_tiles_black
sandstone_smooth->sandstone_smooth
screen->screen
shelf_gongxun->shelf_gongxun1
shelf_gongxun2->shelf_gongxun2
sdframe1->door_frame_side_sliding
shenghuiqingse(1)->wall_dark_gray_cyan
shenghuiqingse->wall_dark_gray_cyan
shenghuiqingse1->wall_dark_gray_cyan
shenhuiqingse->wall_dark_gray_cyan
shaozi->board_spoon
shibandizhuanyangshi2->slate_floor_tiles2
shibandizhuanyangshi4->slate_floor_tiles4
shitangdianzipai->sign_dining_hall
shitanghaibao1->poster_dining_hall1
shitanghaibao2->poster_dining_hall2
shop->vending_machine
shuinilu1-2->cement_road
shuiniludaitiaowen1-5->cement_road_stripe
shuinizhuanqiang->cement_wall_light_white
shuinizhuanqiang5->cement_wall_light_white
sign->sign
sign1->washroom_sign
sign2->toilet_flush_sign
sign3->save_water_sign
sign_drop_garbage->sign_drop_garbage
sign_institution->sign_institution
sign_no_vehicle->sign_no_vehicle
snow->snow
sroad1->cement_road_a
sroad2->cement_road_b
sroad3->cement_road_c
ss2->white_marble
stair_cement_down_lightblue->stair_cement_down_lightblue
stair_cement_up_lightblue->stair_cement_up_lightblue
stair_coment_lightblue->stair_coment_lightblue
stone_andesite_smooth->stone_andesite_smooth
stone_slab_side->stone_slab_side
stone_slab_top->stone_slab_top
stonebrick->stonebrick
stoner->slab_pavement
stoner1->brick_pavement
straight_ahead_sign->straight_ahead_sign
stripe1->stripe1
stripe2->stripe2
stripe3->stripe3
suliaozhuanqiang5->plastic_brick_wall
trash_classification_medical->trash_classification_medical
tele->wall_mounted_tv
th1->truck_pit
tool->cleaning_toolbox
texture->texture
touyingyi->projector
tra1->trash_cans_roadside1
tra2->trash_cans_roadside2
tra3->trash_cans_roadside3
tra4->trash_cans_roadside4
tras1->trash_cans_roadside_wood1
tras2->trash_cans_roadside_wood2
tras3->trash_cans_roadside_wood3
tras4->trash_cans_roadside_wood4
tras5->trash_cans_roadside_wood5
tras6->trash_cans_roadside_wood6
trash->trash_cans_vertical
trash1->trash_cans_food_waste
trash2->trash_cans_other
tree1->truck_white
voltage->voltage
wall1->double_material_wall
wall11->slate_floor_tile_dark
wall12->cement_brick
wall14->cross_grain_floor_tile
wall2->double_material_wall_dado1
wall3->double_material_wall_dado2
wall33->wall_white
wall6->ceramic_tile_white
wall7->red_marble_wall
wall_dark_gray_cyan->wall_dark_gray_cyan
wall_stem_quarter_>wall_stem_quarter
wall_white->wall_white
washer -> washing_machine
wboard->bracket_whiteboard
wifi->wifi
window_ceiling->window_ceiling
windowframe->windowframe
wool_colored_gray->wool_colored_gray
wool_colored_yellow->wool_colored_yellow
wstick->paper1
wstick->paper2
wtf->curb1
wtf1->curb2
wtf2->curb3
wulengbaici->non_angular_white_porcelain
wulengbaici->tile_white
wulengbaici->edgeless_white_porcelain
xbgydx1->npu_logo
xiaochedian->bus_spot
xiaocizhuan2->little_ceramic_tile
yi->sign_indoor_determination
yika2->yika_look
yikapingmu2->yika_screen
zhongyangkongtiaokou->central_air_conditioning_vent
yong->sign_indoor_bravery
zhouyizhizhouwu2->zhouyizhizhouwu2
zhilupai2->signpost2